time,blink_count,ear,fatigue_score,stress_score
2026-03-15 22:16:51,11,0.221,60,0
2026-03-15 22:16:51,11,0.221,62,0
2026-03-15 22:16:51,11,0.229,64,0
2026-03-15 22:16:52,12,0.213,60,0
2026-03-15 22:16:52,12,0.217,62,0
2026-03-15 22:16:52,12,0.21,64,0
2026-03-15 22:16:52,12,0.213,66,0
2026-03-15 22:16:55,14,0.086,60,0
2026-03-15 22:16:55,14,0.161,62,0
2026-03-15 22:16:55,14,0.145,64,1
2026-03-15 22:16:55,14,0.124,66,1
2026-03-15 22:16:56,14,0.223,68,1
2026-03-15 22:16:56,15,0.187,61,0
2026-03-15 22:16:56,15,0.187,63,0
2026-03-15 22:16:56,15,0.186,65,0
2026-03-15 22:16:56,15,0,65,0
2026-03-15 22:16:56,15,0,65,0
2026-03-15 22:16:56,15,0,65,0
2026-03-15 22:16:56,15,0,65,0
2026-03-15 22:16:58,16,0.171,60,0
2026-03-15 22:16:58,16,0.171,62,0
2026-03-15 22:16:58,16,0.186,64,0
2026-03-15 22:16:58,16,0.198,66,1
2026-03-15 22:16:58,16,0.186,68,1
2026-03-15 22:16:58,16,0.187,70,1
2026-03-15 22:16:58,16,0.187,72,1
2026-03-15 22:16:58,16,0.165,74,1
2026-03-15 22:16:58,16,0.175,76,1
2026-03-15 22:16:58,16,0.162,78,1
2026-03-15 22:16:58,16,0.177,80,2
2026-03-15 22:16:58,16,0.226,82,2
2026-03-15 22:16:58,16,0.213,84,2
2026-03-15 22:16:58,16,0.22,86,2
2026-03-15 22:16:58,16,0.22,88,2
2026-03-15 22:16:58,16,0.2,90,3
2026-03-15 22:16:58,16,0.189,92,3
2026-03-15 22:16:58,16,0.204,94,3
2026-03-15 22:16:58,16,0.2,96,3
2026-03-15 22:16:58,16,0.222,98,3
2026-03-15 22:16:58,16,0.216,100,3
2026-03-15 22:16:58,16,0.213,100,3
2026-03-15 22:16:58,16,0.225,100,3
2026-03-15 22:16:58,16,0.221,100,4
2026-03-15 22:16:59,17,0.211,60,2
2026-03-15 22:16:59,17,0.226,62,2
2026-03-15 22:16:59,17,0.221,64,2
2026-03-15 22:16:59,17,0.221,66,2
2026-03-15 22:16:59,17,0.221,68,3
2026-03-15 22:17:01,20,0.225,60,0
2026-03-15 22:17:01,20,0.213,62,0
2026-03-15 22:17:01,20,0.213,64,0
2026-03-15 22:17:01,20,0.213,66,0
2026-03-15 22:17:01,20,0.213,68,0
2026-03-15 22:17:01,20,0.143,70,0
2026-03-15 22:17:01,20,0.159,72,0
2026-03-15 22:17:01,20,0.141,74,0
2026-03-15 22:17:01,20,0.146,76,0
2026-03-15 22:17:01,20,0.202,78,0
2026-03-15 22:17:01,20,0.21,80,0
2026-03-15 22:17:01,20,0.205,82,0
2026-03-15 22:17:01,20,0.221,84,0
2026-03-15 22:17:01,20,0.202,86,0
2026-03-15 22:17:01,20,0.225,88,0
2026-03-15 22:17:01,20,0.221,90,0
2026-03-15 22:17:01,20,0.206,92,0
2026-03-15 22:17:02,20,0.197,93,0
2026-03-15 22:17:02,20,0.216,95,0
2026-03-15 22:17:02,20,0.224,97,0
2026-03-15 22:17:02,20,0.216,99,0
2026-03-15 22:17:02,20,0.143,100,0
2026-03-15 22:17:02,20,0.151,100,0
2026-03-15 22:17:02,20,0.14,100,0
2026-03-15 22:17:02,20,0.134,100,0
2026-03-15 22:17:02,20,0.047,100,0
2026-03-15 22:17:02,20,0.055,100,0
2026-03-15 22:17:02,20,0.053,100,0
2026-03-15 22:17:02,20,0.054,100,0
2026-03-15 22:17:02,20,0.181,100,0
2026-03-15 22:17:02,20,0.186,100,0
2026-03-15 22:17:02,20,0.185,100,0
2026-03-15 22:17:02,20,0.192,100,0
2026-03-15 22:17:02,20,0.054,100,0
2026-03-15 22:17:02,20,0.059,100,0
2026-03-15 22:17:02,20,0.053,100,0
2026-03-15 22:17:02,20,0.061,100,0
2026-03-15 22:17:02,20,0.23,100,0
2026-03-15 22:17:02,20,0.22,100,0
2026-03-15 22:17:02,20,0.224,100,0
2026-03-15 22:17:02,20,0.215,100,0
2026-03-15 22:17:04,21,0.121,60,0
2026-03-15 22:17:04,21,0.06,62,1
2026-03-15 22:17:04,21,0.106,64,1
2026-03-15 22:17:04,21,0.085,66,1
2026-03-15 22:17:04,21,0.089,68,1
2026-03-15 22:17:04,21,0.062,70,1
2026-03-15 22:17:04,21,0.065,72,1
2026-03-15 22:17:04,21,0.126,74,2
2026-03-15 22:17:04,21,0.128,76,2
2026-03-15 22:17:04,21,0.093,78,2
2026-03-15 22:17:04,21,0.084,80,2
2026-03-15 22:17:04,21,0.114,82,2
2026-03-15 22:17:04,21,0.122,84,3
2026-03-15 22:17:05,21,0.142,86,3
2026-03-15 22:17:05,21,0.143,88,3
2026-03-15 22:17:05,21,0.15,90,3
2026-03-15 22:17:05,21,0.111,92,3
2026-03-15 22:17:05,21,0.119,94,3
2026-03-15 22:17:05,21,0.118,96,3
2026-03-15 22:17:05,21,0.146,97,4
2026-03-15 22:17:05,21,0.136,99,4
2026-03-15 22:17:05,21,0.103,100,4
2026-03-15 22:17:05,21,0.119,100,4
2026-03-15 22:17:05,21,0.126,100,4
2026-03-15 22:17:05,21,0.102,100,4
2026-03-15 22:17:05,21,0.142,100,5
2026-03-15 22:17:05,21,0.16,100,5
2026-03-15 22:17:05,21,0.148,100,5
2026-03-15 22:17:05,21,0.16,100,5
2026-03-15 22:17:05,21,0.152,100,5
2026-03-15 22:17:05,21,0.162,100,6
2026-03-15 22:17:05,21,0.16,100,6
2026-03-15 22:17:05,21,0.161,100,6
2026-03-15 22:17:05,21,0.16,100,6
2026-03-15 22:17:05,21,0.055,100,6
2026-03-15 22:17:05,21,0.056,100,6
2026-03-15 22:17:05,21,0.053,100,6
2026-03-15 22:17:06,21,0.149,100,7
2026-03-15 22:17:06,21,0.148,100,7
2026-03-15 22:17:06,21,0.166,100,7
2026-03-15 22:17:06,21,0.164,100,7
2026-03-15 22:17:06,21,0.164,100,7
2026-03-15 22:17:06,21,0.164,100,7
2026-03-15 22:17:06,21,0.187,100,8
2026-03-15 22:17:06,21,0.186,100,8
2026-03-15 22:17:06,21,0.186,100,8
2026-03-15 22:17:06,21,0.185,100,8
2026-03-15 22:17:06,21,0.187,100,8
2026-03-15 22:17:06,21,0.201,100,8
2026-03-15 22:17:06,21,0.185,100,8
2026-03-15 22:17:06,21,0.201,100,8
2026-03-15 22:17:06,21,0.198,100,8
2026-03-15 22:17:06,21,0.201,100,8
2026-03-15 22:17:06,21,0.2,100,9
2026-03-15 22:17:06,21,0.208,100,9
2026-03-15 22:17:06,21,0.169,100,9
2026-03-15 22:17:06,21,0.167,100,9
2026-03-15 22:17:06,21,0.158,100,9
2026-03-15 22:17:06,21,0.159,100,9
2026-03-15 22:17:06,21,0.184,100,9
2026-03-15 22:17:06,21,0.207,100,9
2026-03-15 22:17:06,21,0.198,100,9
2026-03-15 22:17:06,21,0.202,100,9
2026-03-15 22:17:06,21,0.194,100,10
2026-03-15 22:17:07,21,0.213,100,10
2026-03-15 22:17:07,21,0.204,100,10
2026-03-15 22:17:07,21,0.222,100,10
2026-03-15 22:17:07,21,0.206,100,10
2026-03-15 22:17:07,21,0.22,100,10
2026-03-15 22:17:07,21,0.185,100,10
2026-03-15 22:17:07,21,0.185,100,10
2026-03-15 22:17:07,21,0.191,100,11
2026-03-15 22:17:07,21,0.185,100,11
2026-03-15 22:17:07,21,0.185,100,11
2026-03-15 22:17:07,21,0.188,100,11
2026-03-15 22:17:07,21,0.183,100,11
2026-03-15 22:17:07,21,0.18,100,11
2026-03-15 22:17:07,21,0.178,100,11
2026-03-15 22:17:07,21,0.179,100,11
2026-03-15 22:17:07,21,0.185,100,11
2026-03-15 22:17:07,21,0.188,100,11
2026-03-15 22:17:07,21,0.193,100,12
2026-03-15 22:17:07,21,0.193,100,12
2026-03-15 22:17:07,21,0.186,100,12
2026-03-15 22:17:07,21,0.188,100,12
2026-03-15 22:17:07,21,0.188,100,12
2026-03-15 22:17:07,21,0.188,100,12
2026-03-15 22:17:07,21,0.186,100,12
2026-03-15 22:17:07,21,0.185,100,12
2026-03-15 22:17:07,21,0.187,100,12
2026-03-15 22:17:07,21,0.177,100,12
2026-03-15 22:17:07,21,0.18,100,13
2026-03-15 22:17:07,21,0.183,100,13
2026-03-15 22:17:07,21,0.194,100,13
2026-03-15 22:17:07,21,0.187,100,13
2026-03-15 22:17:08,21,0.168,100,13
2026-03-15 22:17:08,21,0.171,100,13
2026-03-15 22:17:08,21,0.171,100,13
2026-03-15 22:17:08,21,0.171,100,13
2026-03-15 22:17:08,21,0.103,100,13
2026-03-15 22:17:08,21,0.123,100,13
2026-03-15 22:17:08,21,0.116,100,14
2026-03-15 22:17:08,21,0.117,100,14
2026-03-15 22:17:08,21,0.154,100,14
2026-03-15 22:17:08,21,0.154,100,14
2026-03-15 22:17:08,21,0.147,100,14
2026-03-15 22:17:08,21,0.146,100,14
2026-03-15 22:17:08,21,0.19,100,14
2026-03-15 22:17:08,21,0.183,100,14
2026-03-15 22:17:08,21,0.155,100,14
2026-03-15 22:17:08,21,0.185,100,14
2026-03-15 22:17:08,21,0.147,100,15
2026-03-15 22:17:08,21,0.184,100,15
2026-03-15 22:17:08,21,0.176,100,15
2026-03-15 22:17:08,21,0.167,100,15
2026-03-15 22:17:08,21,0.172,100,15
2026-03-15 22:17:08,21,0.175,100,15
2026-03-15 22:17:08,21,0.178,100,15
2026-03-15 22:17:08,21,0.183,100,15
2026-03-15 22:17:08,21,0.167,100,15
2026-03-15 22:17:08,21,0.167,100,15
2026-03-15 22:17:08,21,0.17,100,15
2026-03-15 22:17:08,21,0.167,100,15
2026-03-15 22:17:09,21,0.17,100,16
2026-03-15 22:17:09,21,0.178,100,16
2026-03-15 22:17:09,21,0.176,100,16
2026-03-15 22:17:09,21,0.178,100,16
2026-03-15 22:17:09,21,0.163,100,16
2026-03-15 22:17:09,21,0.171,100,16
2026-03-15 22:17:09,21,0.171,100,16
2026-03-15 22:17:09,21,0.169,100,16
2026-03-15 22:17:09,21,0.172,100,16
2026-03-15 22:17:09,21,0.174,100,16
2026-03-15 22:17:09,21,0.178,100,17
2026-03-15 22:17:09,21,0.175,100,17
2026-03-15 22:17:09,21,0.166,100,17
2026-03-15 22:17:09,21,0.169,100,17
2026-03-15 22:17:09,21,0.175,100,17
2026-03-15 22:17:09,21,0.163,100,17
2026-03-15 22:17:09,21,0.164,100,17
2026-03-15 22:17:09,21,0.18,100,17
2026-03-15 22:17:09,21,0.181,100,17
2026-03-15 22:17:09,21,0.179,100,17
2026-03-15 22:17:09,21,0.169,100,18
2026-03-15 22:17:09,21,0.159,100,18
2026-03-15 22:17:09,21,0.166,100,18
2026-03-15 22:17:09,21,0.17,100,18
2026-03-15 22:17:09,21,0.171,100,18
2026-03-15 22:17:09,21,0.188,100,18
2026-03-15 22:17:09,21,0.179,100,18
2026-03-15 22:17:09,21,0.178,100,18
2026-03-15 22:17:09,21,0.182,100,18
2026-03-15 22:17:09,21,0.18,100,18
2026-03-15 22:17:09,21,0.181,100,18
2026-03-15 22:17:09,21,0.181,100,18
2026-03-15 22:17:10,21,0.171,100,19
2026-03-15 22:17:10,21,0.173,100,19
2026-03-15 22:17:10,21,0.164,100,19
2026-03-15 22:17:10,21,0.176,100,19
2026-03-15 22:17:10,21,0.176,100,19
2026-03-15 22:17:10,21,0.176,100,19
2026-03-15 22:17:10,21,0.167,100,19
2026-03-15 22:17:10,21,0.167,100,19
2026-03-15 22:17:10,21,0.168,100,19
2026-03-15 22:17:10,21,0.184,100,19
2026-03-15 22:17:10,21,0.184,100,19
2026-03-15 22:17:10,21,0.184,100,19
2026-03-15 22:17:10,21,0.108,100,20
2026-03-15 22:17:10,21,0.101,100,20
2026-03-15 22:17:10,21,0.099,100,20
2026-03-15 22:17:10,21,0.101,100,20
2026-03-15 22:17:10,21,0.144,100,20
2026-03-15 22:17:10,21,0.144,100,20
2026-03-15 22:17:10,21,0.144,100,20
2026-03-15 22:17:10,21,0.144,100,20
2026-03-15 22:17:10,21,0.162,100,20
2026-03-15 22:17:10,21,0.162,100,20
2026-03-15 22:17:10,21,0.164,100,20
2026-03-15 22:17:10,21,0.165,100,20
2026-03-15 22:17:10,21,0.18,100,21
2026-03-15 22:17:10,21,0.176,100,21
2026-03-15 22:17:10,21,0.178,100,21
2026-03-15 22:17:10,21,0.175,100,21
2026-03-15 22:17:11,21,0.186,100,21
2026-03-15 22:17:11,21,0.183,100,21
2026-03-15 22:17:11,21,0.186,100,21
2026-03-15 22:17:11,21,0.182,100,21
2026-03-15 22:17:11,21,0.192,100,21
2026-03-15 22:17:11,21,0.191,100,21
2026-03-15 22:17:11,21,0.191,100,21
2026-03-15 22:17:11,21,0.191,100,21
2026-03-15 22:17:11,21,0.203,100,22
2026-03-15 22:17:11,21,0.184,100,22
2026-03-15 22:17:11,21,0.195,100,22
2026-03-15 22:17:11,21,0.192,100,22
2026-03-15 22:17:11,21,0.206,100,22
2026-03-15 22:17:11,21,0.192,100,22
2026-03-15 22:17:11,21,0.207,100,22
2026-03-15 22:17:11,21,0.192,100,22
2026-03-15 22:17:11,21,0.198,100,22
2026-03-15 22:17:11,21,0.194,100,22
2026-03-15 22:17:11,21,0.192,100,22
2026-03-15 22:17:11,21,0.192,100,22
2026-03-15 22:17:11,21,0.191,100,23
2026-03-15 22:17:11,21,0.191,100,23
2026-03-15 22:17:11,21,0.191,100,23
2026-03-15 22:17:11,21,0.194,100,23
2026-03-15 22:17:11,21,0.208,100,23
2026-03-15 22:17:11,21,0.202,100,23
2026-03-15 22:17:11,21,0.205,100,23
2026-03-15 22:17:11,21,0.208,100,23
2026-03-15 22:17:11,21,0.193,100,23
2026-03-15 22:17:11,21,0.194,100,23
2026-03-15 22:17:11,21,0.194,100,23
2026-03-15 22:17:11,21,0.191,100,23
2026-03-15 22:17:12,21,0.199,100,23
2026-03-15 22:17:12,21,0.184,100,24
2026-03-15 22:17:12,21,0.175,100,24
2026-03-15 22:17:12,21,0.185,100,24
2026-03-15 22:17:12,21,0.179,100,24
2026-03-15 22:17:12,21,0.184,100,24
2026-03-15 22:17:12,21,0.175,100,24
2026-03-15 22:17:12,21,0.172,100,24
2026-03-15 22:17:12,21,0.157,100,24
2026-03-15 22:17:12,21,0.158,100,24
2026-03-15 22:17:12,21,0.151,100,24
2026-03-15 22:17:12,21,0.158,100,24
2026-03-15 22:17:12,21,0.103,100,24
2026-03-15 22:17:12,21,0.129,100,24
2026-03-15 22:17:12,21,0.11,100,24
2026-03-15 22:17:12,21,0.121,100,25
2026-03-15 22:17:12,21,0.178,100,25
2026-03-15 22:17:12,21,0.166,100,25
2026-03-15 22:17:12,21,0.168,100,25
2026-03-15 22:17:12,21,0.168,100,25
2026-03-15 22:17:12,21,0.175,100,25
2026-03-15 22:17:12,21,0.176,100,25
2026-03-15 22:17:12,21,0.175,100,25
2026-03-15 22:17:12,21,0.176,100,25
2026-03-15 22:17:12,21,0.174,100,25
2026-03-15 22:17:12,21,0.174,100,25
2026-03-15 22:17:12,21,0.176,100,25
2026-03-15 22:17:12,21,0.174,100,25
2026-03-15 22:17:13,21,0.18,100,26
2026-03-15 22:17:13,21,0.181,100,26
2026-03-15 22:17:13,21,0.181,100,26
2026-03-15 22:17:13,21,0.181,100,26
2026-03-15 22:17:13,21,0.174,100,26
2026-03-15 22:17:13,21,0.174,100,26
2026-03-15 22:17:13,21,0.175,100,26
2026-03-15 22:17:13,21,0.174,100,26
2026-03-15 22:17:13,21,0.192,100,26
2026-03-15 22:17:13,21,0.166,100,26
2026-03-15 22:17:13,21,0.183,100,26
2026-03-15 22:17:13,21,0.166,100,26
2026-03-15 22:17:13,21,0.189,100,26
2026-03-15 22:17:13,21,0.19,100,26
2026-03-15 22:17:13,21,0.06,100,27
2026-03-15 22:17:13,21,0.073,100,27
2026-03-15 22:17:13,21,0.059,100,27
2026-03-15 22:17:13,21,0.17,100,27
2026-03-15 22:17:13,21,0.169,100,27
2026-03-15 22:17:13,21,0.173,100,27
2026-03-15 22:17:13,21,0.175,100,27
2026-03-15 22:17:13,21,0.191,100,27
2026-03-15 22:17:13,21,0.183,100,27
2026-03-15 22:17:13,21,0.184,100,28
2026-03-15 22:17:13,21,0.184,100,28
2026-03-15 22:17:13,21,0.184,100,28
2026-03-15 22:17:14,21,0.055,100,28
2026-03-15 22:17:14,21,0.055,100,28
2026-03-15 22:17:14,21,0.051,100,28
2026-03-15 22:17:14,21,0.062,100,28
2026-03-15 22:17:14,21,0.158,100,28
2026-03-15 22:17:14,21,0.147,100,28
2026-03-15 22:17:14,21,0.172,100,28
2026-03-15 22:17:14,21,0.172,100,28
2026-03-15 22:17:14,21,0.172,100,28
2026-03-15 22:17:14,21,0.184,100,29
2026-03-15 22:17:14,21,0.202,100,29
2026-03-15 22:17:14,21,0.191,100,29
2026-03-15 22:17:14,21,0.198,100,29
2026-03-15 22:17:14,21,0.185,100,29
2026-03-15 22:17:14,21,0.194,100,29
2026-03-15 22:17:14,21,0.179,100,29
2026-03-15 22:17:14,21,0.194,100,29
2026-03-15 22:17:14,21,0.186,100,29
2026-03-15 22:17:14,21,0.182,100,29
2026-03-15 22:17:14,21,0.223,100,29
2026-03-15 22:17:15,21,0.198,100,30
2026-03-15 22:17:15,21,0.218,100,30
2026-03-15 22:17:15,21,0.199,100,30
2026-03-15 22:17:15,21,0.219,100,30
2026-03-15 22:17:15,21,0.207,100,30
2026-03-15 22:17:15,21,0.229,100,30
2026-03-15 22:17:15,21,0.206,100,30
2026-03-15 22:17:15,21,0.222,100,30
2026-03-15 22:17:15,21,0.204,100,30
2026-03-15 22:17:15,21,0.049,100,30
2026-03-15 22:17:15,21,0.046,100,30
2026-03-15 22:17:15,21,0.048,100,31
2026-03-15 22:17:15,21,0.048,100,31
2026-03-15 22:17:15,21,0.112,100,31
2026-03-15 22:17:15,21,0.12,100,31
2026-03-15 22:17:15,21,0.1,100,31
2026-03-15 22:17:15,21,0.146,100,31
2026-03-15 22:17:15,21,0.138,100,31
2026-03-15 22:17:15,21,0.157,100,31
2026-03-15 22:17:15,21,0.146,100,31
2026-03-15 22:17:15,21,0.146,100,31
2026-03-15 22:17:15,21,0.145,100,31
2026-03-15 22:17:15,21,0.146,100,31
2026-03-15 22:17:15,21,0.16,100,31
2026-03-15 22:17:15,21,0.182,100,32
2026-03-15 22:17:16,21,0.162,100,32
2026-03-15 22:17:16,21,0.159,100,32
2026-03-15 22:17:16,21,0.169,100,32
2026-03-15 22:17:16,21,0.161,100,32
2026-03-15 22:17:16,21,0.166,100,32
2026-03-15 22:17:16,21,0.158,100,32
2026-03-15 22:17:16,21,0.068,100,32
2026-03-15 22:17:16,21,0.069,100,32
2026-03-15 22:17:16,21,0.068,100,32
2026-03-15 22:17:16,21,0.075,100,32
2026-03-15 22:17:16,21,0.088,100,32
2026-03-15 22:17:16,21,0.146,100,33
2026-03-15 22:17:16,21,0.146,100,33
2026-03-15 22:17:16,21,0.146,100,33
2026-03-15 22:17:16,21,0.146,100,33
2026-03-15 22:17:16,21,0.166,100,33
2026-03-15 22:17:16,21,0.133,100,33
2026-03-15 22:17:16,21,0.145,100,33
2026-03-15 22:17:16,21,0.137,100,33
2026-03-15 22:17:16,21,0.14,100,33
2026-03-15 22:17:16,21,0.169,100,33
2026-03-15 22:17:16,21,0.162,100,33
2026-03-15 22:17:16,21,0.167,100,33
2026-03-15 22:17:17,21,0.16,100,33
2026-03-15 22:17:17,21,0.162,100,33
2026-03-15 22:17:17,21,0.16,100,33
2026-03-15 22:17:17,21,0.16,100,33
2026-03-15 22:17:17,21,0.168,100,34
2026-03-15 22:17:17,21,0.159,100,34
2026-03-15 22:17:17,21,0.16,100,34
2026-03-15 22:17:17,21,0.159,100,34
2026-03-15 22:17:17,21,0.159,100,34
2026-03-15 22:17:17,21,0.157,100,34
2026-03-15 22:17:17,21,0.159,100,34
2026-03-15 22:17:17,21,0.159,100,34
2026-03-15 22:17:17,21,0.164,100,34
2026-03-15 22:17:17,21,0.162,100,34
2026-03-15 22:17:17,21,0.159,100,34
2026-03-15 22:17:17,21,0.163,100,34
2026-03-15 22:17:17,21,0.178,100,34
2026-03-15 22:17:17,21,0.178,100,34
2026-03-15 22:17:17,21,0.175,100,34
2026-03-15 22:17:17,21,0.175,100,34
2026-03-15 22:17:17,21,0.066,100,35
2026-03-15 22:17:17,21,0.059,100,35
2026-03-15 22:17:17,21,0.059,100,35
2026-03-15 22:17:17,21,0.059,100,35
2026-03-15 22:17:17,21,0.135,100,35
2026-03-15 22:17:17,21,0.148,100,35
2026-03-15 22:17:17,21,0.141,100,35
2026-03-15 22:17:17,21,0.147,100,35
2026-03-15 22:17:17,21,0.172,100,35
2026-03-15 22:17:17,21,0.182,100,35
2026-03-15 22:17:17,21,0.168,100,35
2026-03-15 22:17:18,21,0.168,100,35
2026-03-15 22:17:18,21,0.208,100,35
2026-03-15 22:17:18,21,0.208,100,35
2026-03-15 22:17:18,21,0.207,100,35
2026-03-15 22:17:18,21,0.202,100,35
2026-03-15 22:17:18,21,0.209,100,35
2026-03-15 22:17:18,21,0.204,100,35
2026-03-15 22:17:18,21,0.219,100,35
2026-03-15 22:17:18,21,0.22,100,35
2026-03-15 22:17:18,21,0.218,100,36
2026-03-15 22:17:18,21,0.209,100,36
2026-03-15 22:17:18,21,0.209,100,36
2026-03-15 22:17:18,21,0.212,100,36
2026-03-15 22:17:22,24,0.058,60,33
2026-03-15 22:17:22,24,0.058,62,33
2026-03-15 22:17:22,24,0.058,64,33
2026-03-15 22:17:22,24,0.044,66,33
2026-03-15 22:17:22,24,0.048,68,33
2026-03-15 22:17:22,24,0.045,70,33
2026-03-15 22:17:22,24,0.048,72,33
2026-03-15 22:17:22,24,0.038,74,33
2026-03-15 22:17:22,24,0.051,76,33
2026-03-15 22:17:22,24,0.047,78,33
2026-03-15 22:17:22,24,0.048,80,33
2026-03-15 22:17:22,24,0.059,82,33
2026-03-15 22:17:22,24,0.061,84,33
2026-03-15 22:17:22,24,0.063,86,33
2026-03-15 22:17:22,24,0.066,88,34
2026-03-15 22:17:22,24,0.063,90,34
2026-03-15 22:17:22,24,0.063,92,34
2026-03-15 22:17:22,24,0.064,94,34
2026-03-15 22:17:22,24,0.064,96,34
2026-03-15 22:17:22,24,0.218,98,34
2026-03-15 22:17:22,24,0.203,100,34
2026-03-15 22:17:22,24,0.21,100,34
2026-03-15 22:17:22,24,0.204,100,34
2026-03-15 22:17:25,26,0.114,60,32
2026-03-15 22:17:25,26,0.113,62,32
2026-03-15 22:17:25,26,0.155,64,32
2026-03-15 22:17:25,26,0.172,66,32
2026-03-15 22:17:25,26,0.171,68,32
2026-03-15 22:17:25,26,0.171,70,33
2026-03-15 22:17:27,27,0.08,60,32
2026-03-15 22:17:27,27,0.093,62,32
2026-03-15 22:17:27,27,0.093,64,32
2026-03-15 22:17:27,27,0.093,66,32
2026-03-15 22:17:27,27,0.093,68,33
2026-03-15 22:17:27,27,0.087,70,33
2026-03-15 22:17:27,27,0.087,72,33
2026-03-15 22:17:27,27,0.087,74,33
2026-03-15 22:17:27,27,0.083,76,33
2026-03-15 22:17:27,27,0.106,78,33
2026-03-15 22:17:27,27,0.106,80,33
2026-03-15 22:17:27,27,0.106,82,33
2026-03-15 22:17:27,27,0.179,84,33
2026-03-15 22:17:27,27,0.178,86,33
2026-03-15 22:17:27,27,0.177,88,33
2026-03-15 22:17:27,27,0.178,90,33
2026-03-15 22:17:28,28,0.18,60,32
2026-03-15 22:17:28,28,0.166,62,32
2026-03-15 22:17:28,28,0.18,64,32
2026-03-15 22:17:28,28,0.177,66,32
2026-03-15 22:17:28,28,0.17,68,32
2026-03-15 22:17:28,28,0.17,70,32
2026-03-15 22:17:28,28,0.17,72,32
2026-03-15 22:17:28,28,0.184,74,32
2026-03-15 22:17:28,28,0.189,76,32
2026-03-15 22:17:28,28,0.189,78,32
2026-03-15 22:17:28,28,0.189,80,32
2026-03-15 22:17:29,28,0.102,82,32
2026-03-15 22:17:29,28,0.101,84,33
2026-03-15 22:17:29,28,0.108,86,33
2026-03-15 22:17:29,28,0.101,88,33
2026-03-15 22:17:29,28,0.156,90,33
2026-03-15 22:17:29,28,0.163,92,33
2026-03-15 22:17:29,28,0.156,94,33
2026-03-15 22:17:29,28,0.156,96,33
2026-03-15 22:17:29,28,0.17,98,33
2026-03-15 22:17:29,28,0.171,100,33
2026-03-15 22:17:29,28,0.17,100,33
2026-03-15 22:17:29,28,0.17,100,33
2026-03-15 22:17:29,28,0.088,100,33
2026-03-15 22:17:29,28,0.088,100,33
2026-03-15 22:17:29,28,0.088,100,33
2026-03-15 22:17:29,28,0.088,100,33
2026-03-15 22:17:31,30,0.066,61,31
2026-03-15 22:17:31,30,0.066,63,31
2026-03-15 22:22:21,1,0.207,60,65
2026-03-15 22:22:21,1,0.21,62,65
2026-03-15 22:22:21,1,0.218,64,65
2026-03-15 22:22:21,1,0.183,66,66
2026-03-15 22:22:21,1,0.185,68,66
2026-03-15 22:22:21,1,0.195,70,66
2026-03-15 22:22:21,1,0.185,72,66
2026-03-15 22:22:22,1,0.12,74,67
2026-03-15 22:22:22,1,0.134,76,67
2026-03-15 22:22:22,1,0.134,78,67
2026-03-15 22:22:22,1,0.134,79,68
2026-03-15 22:22:22,1,0.214,81,68
2026-03-15 22:22:22,1,0.214,83,68
2026-03-15 22:22:22,1,0.214,85,68
2026-03-15 22:22:22,1,0.214,87,69
2026-03-15 22:22:22,1,0.228,89,69
2026-03-15 22:22:34,6,0.173,61,53
2026-03-15 22:22:34,6,0.183,63,54
2026-03-15 22:22:34,6,0.174,65,54
2026-03-15 22:22:34,6,0.13,67,54
2026-03-15 22:22:34,6,0.131,69,54
2026-03-15 22:22:34,6,0.127,71,54
2026-03-15 22:22:34,6,0.142,73,54
2026-03-15 22:22:34,6,0.163,75,55
2026-03-15 22:22:34,6,0.17,77,55
2026-03-15 22:22:34,6,0.17,79,55
2026-03-15 22:22:34,6,0.226,81,55
2026-03-15 22:22:34,6,0.22,83,55
2026-03-15 22:22:34,6,0.227,85,55
2026-03-15 22:22:34,6,0.227,87,55
2026-03-15 22:22:39,8,0.126,61,54
2026-03-15 22:22:39,8,0.188,63,54
2026-03-15 22:22:39,8,0.185,65,54
2026-03-15 22:22:39,8,0.187,67,54
2026-03-15 22:22:39,8,0.07,69,55
2026-03-15 22:22:39,8,0.061,71,55
2026-03-15 22:22:39,8,0.017,73,55
2026-03-15 22:22:39,8,0.034,75,55
2026-03-15 22:22:39,8,0.014,77,55
2026-03-15 22:22:40,8,0.024,79,55
2026-03-15 22:22:40,8,0.078,81,55
2026-03-15 22:22:40,8,0.189,83,55
2026-03-15 22:22:40,8,0.184,85,55
2026-03-15 22:22:40,8,0.177,86,56
2026-03-15 22:22:40,8,0.18,88,56
2026-03-15 22:22:41,9,0.196,61,53
2026-03-15 22:22:41,9,0.206,63,53
2026-03-15 22:22:41,9,0.202,65,53
2026-03-15 22:22:41,9,0.202,67,53
2026-03-15 22:22:41,9,0.202,69,53
2026-03-15 22:22:41,9,0.23,71,53
2026-03-15 22:22:51,17,0.199,61,39
2026-03-15 22:22:51,17,0.191,63,39
2026-03-15 22:22:51,17,0.189,65,39
2026-03-15 22:22:51,17,0.189,67,39
2026-03-15 22:22:51,17,0.191,69,39
2026-03-15 22:22:52,17,0.191,71,39
2026-03-15 22:22:52,17,0.196,73,39
2026-03-15 22:22:52,17,0.192,75,39
2026-03-15 22:22:52,17,0.196,77,39
2026-03-15 22:22:52,17,0.192,79,39
2026-03-15 22:22:52,17,0.189,81,39
2026-03-15 22:22:52,17,0.148,83,39
2026-03-15 22:22:52,17,0.147,85,39
2026-03-15 22:22:52,17,0.138,87,39
2026-03-15 22:22:52,17,0.138,89,39
2026-03-15 22:22:52,17,0.095,90,40
2026-03-15 22:22:52,17,0.089,92,40
2026-03-15 22:22:52,17,0.089,94,40
2026-03-15 22:22:52,17,0.089,96,40
2026-03-15 22:22:52,17,0.133,98,40
2026-03-15 22:22:52,17,0.125,100,40
2026-03-15 22:22:52,17,0.117,100,40
2026-03-15 22:22:52,17,0.117,100,40
2026-03-15 22:22:52,17,0.172,100,40
2026-03-15 22:22:52,17,0.17,100,40
2026-03-15 22:22:52,17,0.158,100,40
2026-03-15 22:22:52,17,0.156,100,40
2026-03-15 22:22:52,17,0.182,100,40
2026-03-15 22:22:52,17,0.188,100,40
2026-03-15 22:22:52,17,0.173,100,40
2026-03-15 22:22:52,17,0.18,100,40
2026-03-15 22:22:52,17,0.196,100,41
2026-03-15 22:22:53,17,0.195,100,41
2026-03-15 22:22:53,17,0.196,100,41
2026-03-15 22:22:53,17,0.195,100,41
2026-03-15 22:22:53,17,0.181,100,41
2026-03-15 22:22:53,17,0.187,100,41
2026-03-15 22:22:53,17,0.173,100,41
2026-03-15 22:22:53,17,0.179,100,41
2026-03-15 22:22:53,17,0.18,100,41
2026-03-15 22:22:53,17,0.173,100,41
2026-03-15 22:22:53,17,0.18,100,41
2026-03-15 22:22:53,17,0.18,100,41
2026-03-15 22:22:53,17,0.179,100,41
2026-03-15 22:22:53,17,0.17,100,41
2026-03-15 22:22:53,17,0.18,100,41
2026-03-15 22:22:53,17,0.172,100,41
2026-03-15 22:22:53,17,0.228,100,41
2026-03-15 22:22:53,17,0.228,100,42
2026-03-15 22:22:53,17,0.228,100,42
2026-03-15 22:22:53,17,0.228,100,42
2026-03-15 22:22:53,17,0.228,100,42
2026-03-15 22:22:59,20,0.199,60,41
2026-03-15 22:22:59,20,0.176,62,41
2026-03-15 22:22:59,20,0.177,64,41
2026-03-15 22:22:59,20,0.179,66,41
2026-03-15 22:22:59,20,0.176,68,42
2026-03-15 22:22:59,20,0.184,70,42
2026-03-15 22:22:59,20,0.186,72,42
2026-03-15 22:22:59,20,0.09,74,42
2026-03-15 22:22:59,20,0.088,76,42
2026-03-15 22:23:00,20,0.133,78,42
2026-03-15 22:23:00,20,0.12,80,42
2026-03-15 22:23:00,20,0.113,82,42
2026-03-15 22:23:00,20,0.113,84,42
2026-03-15 22:23:00,20,0.157,86,42
2026-03-15 22:23:00,20,0.213,88,42
2026-03-15 22:23:00,20,0.21,90,42
2026-03-15 22:23:00,20,0.21,92,42
2026-03-15 22:23:00,20,0.211,94,42
2026-03-15 22:23:00,20,0.22,96,42
2026-03-15 22:23:00,20,0.213,98,42
2026-03-15 22:23:00,20,0.213,100,43
2026-03-15 22:23:00,20,0.213,100,43
2026-03-15 22:23:00,20,0.22,100,43
2026-03-15 22:23:00,20,0.22,100,43
2026-03-15 22:23:00,20,0.22,100,43
2026-03-15 22:23:00,20,0.22,100,43
2026-03-15 22:23:00,20,0.215,100,43
2026-03-15 22:23:00,20,0.218,100,43
2026-03-15 22:23:00,20,0.218,100,43
2026-03-15 22:23:00,20,0.218,100,43
2026-03-15 22:23:00,20,0.228,100,43
2026-03-15 22:23:00,20,0.228,100,43
2026-03-15 22:23:00,20,0.228,100,43
2026-03-15 22:23:00,20,0.228,100,43
2026-03-15 22:23:01,20,0.228,100,43
2026-03-15 22:23:01,20,0.228,100,43
2026-03-15 22:23:01,20,0.228,100,43
2026-03-15 22:23:01,20,0.228,100,43
2026-03-15 22:23:01,20,0.22,100,43
2026-03-15 22:23:01,20,0.22,100,43
2026-03-15 22:23:01,20,0.22,100,43
2026-03-15 22:23:01,20,0.228,100,44
2026-03-15 22:23:01,20,0.228,100,44
2026-03-15 22:23:01,20,0.22,100,44
2026-03-15 22:23:01,20,0.225,100,44
2026-03-15 22:23:01,20,0.225,100,44
2026-03-15 22:23:03,23,0.037,61,39
2026-03-15 22:23:03,23,0.037,63,39
2026-03-15 22:23:03,23,0.148,65,39
2026-03-15 22:23:03,23,0.141,67,39
2026-03-15 22:23:04,23,0.141,69,39
2026-03-15 22:23:04,23,0.141,71,39
2026-03-15 22:23:04,23,0.174,73,39
2026-03-15 22:23:04,23,0.184,75,39
2026-03-15 22:23:04,23,0.182,77,39
2026-03-15 22:23:04,23,0.182,79,39
2026-03-15 22:23:04,23,0.189,81,39
2026-03-15 22:23:04,23,0.189,82,40
2026-03-15 22:23:04,23,0.194,84,40
2026-03-15 22:23:04,23,0.194,86,40
2026-03-15 22:23:04,23,0.194,88,40
2026-03-15 22:23:04,23,0.204,90,40
2026-03-15 22:23:04,23,0.212,92,40
2026-03-15 22:23:04,23,0.212,94,40
2026-03-15 22:23:04,23,0.212,96,40
2026-03-15 22:23:04,23,0.212,98,40
2026-03-15 22:23:04,23,0.212,100,40
2026-03-15 22:23:04,23,0.221,100,40
2026-03-15 22:23:05,23,0.148,100,40
2026-03-15 22:23:05,23,0.129,100,40
2026-03-15 22:23:05,23,0.142,100,40
2026-03-15 22:23:05,23,0.134,100,41
2026-03-15 22:23:05,23,0.125,100,41
2026-03-15 22:23:05,23,0.084,100,41
2026-03-15 22:23:05,23,0.091,100,41
2026-03-15 22:23:05,23,0.091,100,41
2026-03-15 22:23:05,23,0.09,100,41
2026-03-15 22:23:05,23,0.146,100,41
2026-03-15 22:23:05,23,0.182,100,41
2026-03-15 22:23:05,23,0.199,100,41
2026-03-15 22:23:05,23,0.197,100,41
2026-03-15 22:23:05,23,0.222,100,41
2026-03-15 22:23:05,23,0.208,100,41
2026-03-15 22:23:05,23,0.073,100,41
2026-03-15 22:23:05,23,0.067,100,41
2026-03-15 22:23:05,23,0.073,100,41
2026-03-15 22:23:05,23,0.067,100,41
2026-03-15 22:23:05,23,0.119,100,41
2026-03-15 22:23:06,23,0.121,100,42
2026-03-15 22:23:06,23,0.13,100,42
2026-03-15 22:23:06,23,0.129,100,42
2026-03-15 22:23:06,23,0.157,100,42
2026-03-15 22:23:06,23,0.172,100,42
2026-03-15 22:23:06,23,0.145,100,42
2026-03-15 22:23:06,23,0.16,100,42
2026-03-15 22:23:06,23,0.152,100,42
2026-03-15 22:23:06,23,0.038,100,42
2026-03-15 22:23:06,23,0.046,100,42
2026-03-15 22:23:06,23,0.05,100,42
2026-03-15 22:23:06,23,0.047,100,42
2026-03-15 22:23:06,23,0.072,100,42
2026-03-15 22:23:06,23,0.06,100,42
2026-03-15 22:23:06,23,0.05,100,42
2026-03-15 22:23:06,23,0.05,100,42
2026-03-15 22:23:06,23,0.043,100,42
2026-03-15 22:23:06,23,0.153,100,42
2026-03-15 22:23:06,23,0.16,100,42
2026-03-15 22:23:06,23,0.167,100,42
2026-03-15 22:23:06,23,0.168,100,42
2026-03-15 22:23:06,23,0.181,100,43
2026-03-15 22:23:06,23,0.18,100,43
2026-03-15 22:23:06,23,0.184,100,43
2026-03-15 22:23:06,23,0.176,100,43
2026-03-15 22:23:07,23,0.061,100,43
2026-03-15 22:23:07,23,0.065,100,43
2026-03-15 22:23:07,23,0.169,100,43
2026-03-15 22:23:07,23,0.17,100,43
2026-03-15 22:23:07,23,0.171,100,43
2026-03-15 22:23:07,23,0.021,100,43
2026-03-15 22:23:07,23,0.028,100,43
2026-03-15 22:23:07,23,0.02,100,43
2026-03-15 22:23:07,23,0.027,100,43
2026-03-15 22:23:07,23,0.059,100,43
2026-03-15 22:23:07,23,0.054,100,43
2026-03-15 22:23:07,23,0.153,100,43
2026-03-15 22:23:07,23,0.169,100,43
2026-03-15 22:23:07,23,0.173,100,43
2026-03-15 22:23:07,23,0.179,100,44
2026-03-15 22:23:07,23,0.191,100,44
2026-03-15 22:23:07,23,0.191,100,44
2026-03-15 22:23:07,23,0.191,100,44
2026-03-15 22:23:07,23,0.03,100,44
2026-03-15 22:23:07,23,0.031,100,44
2026-03-15 22:23:07,23,0.107,100,44
2026-03-15 22:23:07,23,0.102,100,44
2026-03-15 22:23:08,23,0.112,100,44
2026-03-15 22:23:08,23,0.039,100,44
2026-03-15 22:23:08,23,0.047,100,44
2026-03-15 22:23:08,23,0.043,100,44
2026-03-15 22:23:08,23,0.037,100,44
2026-03-15 22:23:08,23,0.027,100,44
2026-03-15 22:23:08,23,0.047,100,44
2026-03-15 22:23:08,23,0.033,100,44
2026-03-15 22:23:08,23,0.057,100,44
2026-03-15 22:23:08,23,0.042,100,44
2026-03-15 22:23:08,23,0.119,100,44
2026-03-15 22:23:08,23,0.122,100,44
2026-03-15 22:23:08,23,0.035,100,45
2026-03-15 22:23:08,23,0.058,100,45
2026-03-15 22:23:08,23,0.047,100,45
2026-03-15 22:23:08,23,0.05,100,45
2026-03-15 22:23:08,23,0.043,100,45
2026-03-15 22:23:08,23,0.032,100,45
2026-03-15 22:23:08,23,0.036,100,45
2026-03-15 22:23:08,23,0.142,100,45
2026-03-15 22:23:08,23,0.144,100,45
2026-03-15 22:23:09,23,0.183,100,45
2026-03-15 22:23:09,23,0.179,100,45
2026-03-15 22:23:09,23,0.168,100,45
2026-03-15 22:23:09,23,0.162,100,45
2026-03-15 22:23:09,23,0.152,100,45
2026-03-15 22:23:09,23,0.16,100,45
2026-03-15 22:23:09,23,0.167,100,45
2026-03-15 22:23:09,23,0.152,100,45
2026-03-15 22:23:09,23,0.136,100,45
2026-03-15 22:23:09,23,0.143,100,45
2026-03-15 22:23:09,23,0.121,100,45
2026-03-15 22:23:09,23,0.121,100,46
2026-03-15 22:23:09,23,0.121,100,46
2026-03-15 22:23:09,23,0.143,100,46
2026-03-15 22:23:09,23,0.135,100,46
2026-03-15 22:23:09,23,0.137,100,46
2026-03-15 22:23:09,23,0.143,100,46
2026-03-15 22:23:09,23,0.143,100,46
2026-03-15 22:23:09,23,0.153,100,46
2026-03-15 22:23:09,23,0.167,100,46
2026-03-15 22:23:09,23,0.154,100,46
2026-03-15 22:23:09,23,0.146,100,46
2026-03-15 22:23:09,23,0.147,100,46
2026-03-15 22:23:10,23,0.143,100,46
2026-03-15 22:23:10,23,0.139,100,46
2026-03-15 22:23:10,23,0.178,100,46
2026-03-15 22:23:10,23,0.17,100,46
2026-03-15 22:23:10,23,0.196,100,46
2026-03-15 22:23:10,23,0.188,100,46
2026-03-15 22:23:10,23,0.188,100,46
2026-03-15 22:23:10,23,0.188,100,46
2026-03-15 22:23:10,23,0.204,100,46
2026-03-15 22:23:10,23,0.204,100,46
2026-03-15 22:23:10,23,0.204,100,46
2026-03-15 22:23:10,23,0.204,100,46
2026-03-15 22:23:10,23,0.213,100,47
2026-03-15 22:23:10,23,0.216,100,47
2026-03-15 22:23:10,23,0.216,100,47
2026-03-15 22:23:10,23,0.216,100,47
2026-03-15 22:23:10,23,0.208,100,47
2026-03-15 22:23:10,23,0.212,100,47
2026-03-15 22:23:10,23,0.208,100,47
2026-03-15 22:23:10,23,0.212,100,47
2026-03-15 22:23:10,23,0.204,100,47
2026-03-15 22:23:10,23,0.204,100,47
2026-03-15 22:23:10,23,0.188,100,47
2026-03-15 22:23:10,23,0.197,100,47
2026-03-15 22:23:10,23,0.203,100,47
2026-03-15 22:23:10,23,0.198,100,47
2026-03-15 22:23:10,23,0.201,100,47
2026-03-15 22:23:10,23,0.197,100,47
2026-03-15 22:23:11,24,0.213,61,46
2026-03-15 22:23:11,24,0.216,63,46
2026-03-15 22:23:11,24,0.213,65,46
2026-03-15 22:23:11,24,0.223,67,46
2026-03-15 22:23:11,24,0.215,69,46
2026-03-15 22:23:12,24,0.223,71,46
2026-03-15 22:23:12,24,0.219,73,46
2026-03-15 22:23:14,26,0.072,61,44
2026-03-15 22:23:15,26,0.167,63,44
2026-03-15 22:23:15,26,0.168,65,44
2026-03-15 22:23:15,26,0.168,67,44
2026-03-15 22:23:15,26,0.168,69,44
2026-03-15 22:23:15,26,0.19,71,45
2026-03-15 22:23:15,26,0.192,73,45
2026-03-15 22:23:15,26,0.192,75,45
2026-03-15 22:23:15,26,0.185,77,45
2026-03-15 22:23:15,26,0.201,79,45
2026-03-15 22:23:15,26,0.201,81,45
2026-03-15 22:23:15,26,0.194,83,45
2026-03-15 22:23:15,26,0.201,85,45
2026-03-15 22:23:15,26,0.186,87,45
2026-03-15 22:23:15,26,0.193,89,45
2026-03-15 22:23:15,26,0.194,91,45
2026-03-15 22:23:15,26,0.193,93,45
2026-03-15 22:23:15,26,0.206,95,45
2026-03-15 22:23:15,26,0.201,97,45
2026-03-15 22:23:15,26,0.217,99,45
2026-03-15 22:23:15,26,0.208,100,45
2026-03-15 22:23:15,26,0.198,100,45
2026-03-15 22:23:15,26,0.197,100,45
2026-03-15 22:23:15,26,0.198,100,45
2026-03-15 22:23:15,26,0.195,100,45
2026-03-15 22:23:15,26,0.081,100,45
2026-03-15 22:23:15,26,0.075,100,45
2026-03-15 22:23:15,26,0.067,100,45
2026-03-15 22:23:15,26,0.089,100,45
2026-03-15 22:23:15,26,0.164,100,45
2026-03-15 22:23:16,26,0.156,100,45
2026-03-15 22:23:16,26,0.164,100,45
2026-03-15 22:23:16,26,0.157,100,45
2026-03-15 22:23:16,26,0.194,100,45
2026-03-15 22:23:16,26,0.178,100,45
2026-03-15 22:23:16,26,0.187,100,45
2026-03-15 22:23:16,26,0.194,100,46
2026-03-15 22:23:16,26,0.198,100,46
2026-03-15 22:23:16,26,0.193,100,46
2026-03-15 22:23:16,26,0.19,100,46
2026-03-15 22:23:16,26,0.19,100,46
2026-03-15 22:23:16,26,0.191,100,46
2026-03-15 22:23:16,26,0.183,100,46
2026-03-15 22:23:16,26,0.184,100,46
2026-03-15 22:23:16,26,0.184,100,46
2026-03-15 22:23:16,26,0.194,100,46
2026-03-15 22:23:16,26,0.194,100,46
2026-03-15 22:23:16,26,0.192,100,46
2026-03-15 22:23:16,26,0.194,100,46
2026-03-15 22:23:16,26,0.195,100,46
2026-03-15 22:23:16,26,0.194,100,46
2026-03-15 22:23:16,26,0.194,100,46
2026-03-15 22:23:16,26,0.194,100,46
2026-03-15 22:23:16,26,0.123,100,46
2026-03-15 22:23:16,26,0.135,100,46
2026-03-15 22:23:16,26,0.128,100,46
2026-03-15 22:23:16,26,0.128,100,46
2026-03-15 22:23:16,26,0.138,100,46
2026-03-15 22:23:16,26,0.146,100,46
2026-03-15 22:23:16,26,0.146,100,46
2026-03-15 22:23:16,26,0.147,100,46
2026-03-15 22:23:17,26,0.214,100,46
2026-03-15 22:23:17,26,0.215,100,46
2026-03-15 22:23:17,26,0.229,100,46
2026-03-15 22:23:17,26,0.228,100,46
2026-03-15 22:23:17,26,0.222,100,46
